In dieser Liste sammeln wir Rapper (und Konsorten) auf Snapchat. Postet weitere Vorschläge in die Kommentare!
• AchtVier - hollywoodfizzle
• Ahzumjot - ahzumjxt
• Ali As - alifuckingas
• Ali Bumaye - ali-bumayee
• Ardy – arzudemdy
• Azet - azet44
• Azzi Memo – azzimemo
• Bass Sultan Hengzt - basshengzt
• Backspin - backspin_gang
• Bartek - jufl26
• Bonez MC - bonezmc1985
• Celo & Abdi - celo-abdi
• Chrischi101 - chrischi101
• Cro - croriginal
• Chefket - derechtechefket
• Chima Ede - chimaede
• Christ Parker - thisizcp
• Curlyman - therealcurlyman
• Curse - curse.minden
• Danju - danju17
• Das W - dasw_official
• DCVDNS - offiziellerpimp
• DJ Craft - dj_auge
• DJ Maxxx - djmaxxx_berlin
• DJ Ron - djron-phlatline
• Dú Maroc - dumaroc1
• Eike101 - eike101
• Eren Can - erencanbek
• eRRdeka - erreyeslow
• Estikay - monsieuresti
• Eunique - eunqe
• Farid Bang - faridbangbanger
• Finity - finitymusik
• Fler - flerofficial
• Frauenarzt - kingfrauenarzt
• Genius Deutschland - geniusde
• Genius (US) - geniusdotcom
• Genz - herrgenz
• Gerard - Gerardmusik
• Greeny Tortellini - mnmgt
• Hanybal - hany439hany
• Holy Modee - luxusmo
• Hugo Nameless - sirhugonameless
• Hustensaft Jüngling - younghusten
• Jay Jiggy - jay-jiggy
• Johny Space - cosmobabyboy
• Joshimizu - joshi.mizu
• Kaas - kaas34
• Karate Andi - koolkarateandi
• Karmo Kaputto - karmokaputto
• Kay One - thereal_kayone
• KC Rebell- kcrebell.45
• Kollegah - realkollegah
• Kool Savas - essahdamus
• Kraftklub - kraftklubkombo
• Kulturerbe Achim - kulturerbeachim
• Kynda Gray - kyndagrayx
• Lance Butters - unofficiallance
• Lary - larypoppins
• LGoony - lgoonyflyboy
• Liquitwalker - Liquit Walker
• Life kills slowly - LKScru
• Lil Lano - alecvalestra
• Marvin Game - nichtdeintyp21
• Marley – marleymusik
• Manuellsen - blackbilal81
• Mauli - ma-mamama
• Maskoe - maskoe
• Massiv - massiv-65
• MC Smook - therealmcsmook
• Medikamenten Manfred - medicalmanfred
• Mena - marvelioso
• Mert - itsmert53
• Miami Yacine - miamiyacine44
• Mister Mex - mistermex
• MRJAH - mr_mrjah
• MRJAH2 - jah_official
• Nash - nash44
• Nate57 - nate57rl
• Neunfünf - nugod95
• Nimo - nimo.ideal
• Noah - hasan_noah
• O.G - o.g30er
• OK Kid - okkid_official
• Olexesh - olexeshmakadam
• Olson - hellyeaholson
• Olli Banjo - oliver-otubanjo
• PA Sports - pasports45
• Payman - paymanhabibzai
• Plusmacher - plusmacher18
• Prinz Pi - derprinzpi23
• RAF Camora - rafcamoravive
• Ramazan - ramazan64chakal
• Rapsta - ichbinrapsta
• Raptalk - raptalkorg
• Reezy - raheemsupreem
• Robo - robojaja
• Rockstah - rrrockstah
• Rooz - roozworld
• Sam - samswelt
• SAMI - bencobain
• Seyed - seyedofficial
• Shindy - snapsohnegrund
• Sido - herrwuerdig
• Sierra Kidd - fucksleepordie
• Silla - silla_official
• Simdal - simmidimmi
• Sinan-G - sinan-g45
• Slim Finn - therealslimfinn
• SOTT - sottazz
• Soufian - soufianazzlack
• Summer Cem - siki_cem
• SXTN - sxtnmusik
• Taddl - yunglilswagger
• Takt32 - takt32_official
• Tokyo (DEU) - cubanozan
• Trippie Boi - kariemelso
• The Ji - thereal20g
• Tighty - derwahretighty
• Timeless - timeycyrus
• UFO361 - ufo361
• Urbantreemusic - urbantreemusic
• Veysel - veyseloffiziell
• Visa Vie - visa.vie
• Why SL Know Plug (aka. Money Boy) - moneyboygloup
• Yung Hurn - yunghurn
• Young Hoodhustla - hoodhustla
• Zuna - zuna446EmbedShare URLCopyEmbedCopy